[{"_id":{"$oid":"5663f5ec77e6b7110eeee588"},"address":{"street":"2 Avenue","zipcode":"10075","building":"1480","coord":[-73.9557413,40.7720266]},"borough":"Manhattan","cuisine":"Italian","grades":[{"date":{"$date":"2014-10-01T00:00:00.000Z"},"grade":"A","score":11.0},{"date":{"$date":"2014-01-16T00:00:00.000Z"},"grade":"B","score":17.0}],"name":"Vella","restaurant_id":"41704620"},{"_id":{"$oid":"5663f64977e6b7110eeee589"},"address":{"street":"2 Avenue","zipcode":"10075","building":"1480","coord":[-73.9557413,40.7720266]},"borough":"Manhattan","cuisine":"Italian","grades":[{"date":{"$date":"2014-10-01T00:00:00.000Z"},"grade":"A","score":11.0},{"date":{"$date":"2014-01-16T00:00:00.000Z"},"grade":"B","score":17.0}],"name":"Vella"}]
